contig.name,length,accession,annotation,percent.identity,match.length,evalue,kingdom,virus,taxonomy.number,virus.name,taxonomy,taxonomy.pattern,P18O,W3O,W64O,Y14O,Y17O,Y18O,Y25O,Y41O,Y52O,Y70O,Y7O
k141_253388,681,QXV86406.1,"QXV86406.1 major core protein, partial [Reoviridae sp.]",38.5,221,9.59E-37,Viruses,Reoviridae sp.,2585267,Reoviridae sp.,root|Viruses|Riboviria|Orthornavirae|Duplornaviricota|Resentoviricetes|Reovirales|unclassified Reovirales|Reoviridae sp.,no rank|superkingdom|clade|kingdom|phylum|class|order|no rank|species,1.19686172,13.34950783,0,0.904094554,0,1.038777059,0,0.317794085,0,0,0
k141_16884,777,WDS52675.1,"WDS52675.1 MAG: polyprotein, partial [Bovine rhinitis A virus]",91.5,258,1.07E-163,Viruses,Bovine rhinitis A virus,1155188,Bovine rhinitis A virus,root|Viruses|Riboviria|Orthornavirae|Pisuviricota|Pisoniviricetes|Picornavirales|Picornaviridae|Caphthovirinae|Aphthovirus|Bovine rhinitis A virus,no rank|superkingdom|clade|kingdom|phylum|class|order|family|subfamily|genus|species,2.176112218,0,0,0,0,0,14.23840443,0,0,0,0
k141_236298,1051,ANN02884.1,"ANN02884.1 polyprotein, partial [Bovine rhinitis A virus]",97.4,350,1.24E-234,Viruses,Bovine rhinitis A virus,1155188,Bovine rhinitis A virus,root|Viruses|Riboviria|Orthornavirae|Pisuviricota|Pisoniviricetes|Picornavirales|Picornaviridae|Caphthovirinae|Aphthovirus|Bovine rhinitis A virus,no rank|superkingdom|clade|kingdom|phylum|class|order|family|subfamily|genus|species,3.264168327,0,0,0,0,0,21.80255679,0,0,10.16959135,0
k141_237299,380,YP_009508911.1,YP_009508911.1 VP3 [Bovine rhinitis A virus],90,80,5.85E-40,Viruses,Bovine rhinitis A virus,1155188,Bovine rhinitis A virus,root|Viruses|Riboviria|Orthornavirae|Pisuviricota|Pisoniviricetes|Picornavirales|Picornaviridae|Caphthovirinae|Aphthovirus|Bovine rhinitis A virus,no rank|superkingdom|clade|kingdom|phylum|class|order|family|subfamily|genus|species,1.19686172,0,0,0,0,0,5.784351801,0.370759766,0,0,0
k141_276228,407,ANN02884.1,"ANN02884.1 polyprotein, partial [Bovine rhinitis A virus]",97.6,125,1.33E-70,Viruses,Bovine rhinitis A virus,1155188,Bovine rhinitis A virus,root|Viruses|Riboviria|Orthornavirae|Pisuviricota|Pisoniviricetes|Picornavirales|Picornaviridae|Caphthovirinae|Aphthovirus|Bovine rhinitis A virus,no rank|superkingdom|clade|kingdom|phylum|class|order|family|subfamily|genus|species,3.481779548,0,0,0,0,0.611045329,2.966334257,0,0,0,0
k141_401021,501,YP_009508910.1,YP_009508910.1 VP2 [Bovine rhinitis A virus],90.4,157,1.86E-98,Viruses,Bovine rhinitis A virus,1155188,Bovine rhinitis A virus,root|Viruses|Riboviria|Orthornavirae|Pisuviricota|Pisoniviricetes|Picornavirales|Picornaviridae|Caphthovirinae|Aphthovirus|Bovine rhinitis A virus,no rank|superkingdom|clade|kingdom|phylum|class|order|family|subfamily|genus|species,2.284917829,0,0,0,0,0,7.193360573,0,0,0,0
k141_526034,1125,WDS52675.1,"WDS52675.1 MAG: polyprotein, partial [Bovine rhinitis A virus]",92.7,370,9.81E-244,Viruses,Bovine rhinitis A virus,1155188,Bovine rhinitis A virus,root|Viruses|Riboviria|Orthornavirae|Pisuviricota|Pisoniviricetes|Picornavirales|Picornaviridae|Caphthovirinae|Aphthovirus|Bovine rhinitis A virus,no rank|superkingdom|clade|kingdom|phylum|class|order|family|subfamily|genus|species,9.248476925,0,0,0,0,0,18.24295568,0,0,6.176622967,0
k141_588642,547,UVN12896.1,"UVN12896.1 MAG: polyprotein, partial [Bovine rhinitis A virus]",97.8,182,2.94E-116,Viruses,Bovine rhinitis A virus,1155188,Bovine rhinitis A virus,root|Viruses|Riboviria|Orthornavirae|Pisuviricota|Pisoniviricetes|Picornavirales|Picornaviridae|Caphthovirinae|Aphthovirus|Bovine rhinitis A virus,no rank|superkingdom|clade|kingdom|phylum|class|order|family|subfamily|genus|species,4.243418825,0,0,0,0,0,6.080985226,0,0,6.301403229,0
k141_79107,687,YP_009508915.1,YP_009508915.1 2C [Bovine rhinitis A virus],99.1,212,2.81E-148,Viruses,Bovine rhinitis A virus,1155188,Bovine rhinitis A virus,root|Viruses|Riboviria|Orthornavirae|Pisuviricota|Pisoniviricetes|Picornavirales|Picornaviridae|Caphthovirinae|Aphthovirus|Bovine rhinitis A virus,no rank|superkingdom|clade|kingdom|phylum|class|order|family|subfamily|genus|species,6.854753486,0,0,0,0,0,14.23840443,0,0,8.360277551,0
k141_388656,7565,UVN12879.1,UVN12879.1 MAG: polyprotein [Bovine rhinitis B virus],91.5,2283,0,Viruses,Bovine rhinitis B virus,693066,Bovine rhinitis B virus,root|Viruses|Riboviria|Orthornavirae|Pisuviricota|Pisoniviricetes|Picornavirales|Picornaviridae|Caphthovirinae|Aphthovirus|Bovine rhinitis B virus,no rank|superkingdom|clade|kingdom|phylum|class|order|family|subfamily|genus|species,963.310476,82.74731693,87.55000048,1.679032743,15823.83095,24.86954488,10.53048661,0.105931362,0,1369.338595,91.12495326
k141_101333,411,QKN88945.1,QKN88945.1 MAG: hypothetical protein 1 [Picornavirales sp.],99.3,136,3.61E-82,Viruses,Picornavirales sp.,1955153,Picornavirales sp.,root|Viruses|Riboviria|Orthornavirae|Pisuviricota|Pisoniviricetes|Picornavirales|unclassified Picornavirales|Picornavirales sp.,no rank|superkingdom|clade|kingdom|phylum|class|order|no rank|species,0,0,0,0.516625459,0,0,0,0.635588171,0,0,14.53285892
k141_305439,509,QKN88945.1,QKN88945.1 MAG: hypothetical protein 1 [Picornavirales sp.],93.5,169,3.64E-102,Viruses,Picornavirales sp.,1955153,Picornavirales sp.,root|Viruses|Riboviria|Orthornavirae|Pisuviricota|Pisoniviricetes|Picornavirales|unclassified Picornavirales|Picornavirales sp.,no rank|superkingdom|clade|kingdom|phylum|class|order|no rank|species,0,0,0,0.25831273,0,0,0,0.529656809,0,0,11.39061916
k141_478473,678,QJI53534.1,QJI53534.1 MAG: hypothetical protein 1 [Picornavirales sp.],36.7,188,3.13E-17,Viruses,Picornavirales sp.,1955153,Picornavirales sp.,root|Viruses|Riboviria|Orthornavirae|Pisuviricota|Pisoniviricetes|Picornavirales|unclassified Picornavirales|Picornavirales sp.,no rank|superkingdom|clade|kingdom|phylum|class|order|no rank|species,0,0,0,0,0,1.955345052,0,0.211862724,0,0,0
k141_565783,405,QJI53523.1,QJI53523.1 MAG: structural polyprotein [Picornavirales sp.],93.3,134,1.25E-81,Viruses,Picornavirales sp.,1955153,Picornavirales sp.,root|Viruses|Riboviria|Orthornavirae|Pisuviricota|Pisoniviricetes|Picornavirales|unclassified Picornavirales|Picornavirales sp.,no rank|superkingdom|clade|kingdom|phylum|class|order|no rank|species,0,0,0,1.162407283,0,0,0,0.423725447,0,0,0
k141_162612,365,WDD45042.1,WDD45042.1 ORF1a [Bovine astrovirus],71.7,106,9.87E-39,Viruses,Bovine astrovirus,1435485,Bovine astrovirus,root|Viruses|Riboviria|Orthornavirae|Pisuviricota|Stelpaviricetes|Stellavirales|Astroviridae|Mamastrovirus|unclassified Mamastrovirus|Bovine astrovirus,no rank|superkingdom|clade|kingdom|phylum|class|order|family|genus|no rank|species,0,0,0,0,0,0.244418131,0,0,0,0,0
k141_365976,368,ALT13999.1,"ALT13999.1 RNA-dependent RNA polymerase, partial [Bovine astrovirus]",98.4,122,2.26E-84,Viruses,Bovine astrovirus,1435485,Bovine astrovirus,root|Viruses|Riboviria|Orthornavirae|Pisuviricota|Stelpaviricetes|Stellavirales|Astroviridae|Mamastrovirus|unclassified Mamastrovirus|Bovine astrovirus,no rank|superkingdom|clade|kingdom|phylum|class|order|family|genus|no rank|species,0,0,0,0,4.781867048,0.977672526,0,0,0,0,0
k141_393129,371,BAS29608.1,BAS29608.1 ORF1a [Bovine astrovirus],95.1,123,3.63E-72,Viruses,Bovine astrovirus,1435485,Bovine astrovirus,root|Viruses|Riboviria|Orthornavirae|Pisuviricota|Stelpaviricetes|Stellavirales|Astroviridae|Mamastrovirus|unclassified Mamastrovirus|Bovine astrovirus,no rank|superkingdom|clade|kingdom|phylum|class|order|family|genus|no rank|species,0,0,0,0,0,0.366627197,0,0,0,0,0
k141_423653,393,UIT55515.1,UIT55515.1 ORF1a [Bovine astrovirus],94.7,131,3.89E-77,Viruses,Bovine astrovirus,1435485,Bovine astrovirus,root|Viruses|Riboviria|Orthornavirae|Pisuviricota|Stelpaviricetes|Stellavirales|Astroviridae|Mamastrovirus|unclassified Mamastrovirus|Bovine astrovirus,no rank|superkingdom|clade|kingdom|phylum|class|order|family|genus|no rank|species,0,0,0,0.25831273,0,0,0,0,0,7.705181176,0
k141_479248,323,WDD45039.1,WDD45039.1 ORF1a [Bovine astrovirus],95.3,106,9.32E-58,Viruses,Bovine astrovirus,1435485,Bovine astrovirus,root|Viruses|Riboviria|Orthornavirae|Pisuviricota|Stelpaviricetes|Stellavirales|Astroviridae|Mamastrovirus|unclassified Mamastrovirus|Bovine astrovirus,no rank|superkingdom|clade|kingdom|phylum|class|order|family|genus|no rank|species,0,7.852651666,0,0,0,0.488836263,0,0,0,0,0
k141_561283,560,WDD45030.1,WDD45030.1 ORF1b [Bovine astrovirus],98.9,182,6.89E-133,Viruses,Bovine astrovirus,1435485,Bovine astrovirus,root|Viruses|Riboviria|Orthornavirae|Pisuviricota|Stelpaviricetes|Stellavirales|Astroviridae|Mamastrovirus|unclassified Mamastrovirus|Bovine astrovirus,no rank|superkingdom|clade|kingdom|phylum|class|order|family|genus|no rank|species,1.740889774,15.70530333,0,0,0,1.099881592,0,0,0,6.426183491,0
k141_8923,350,YP_009010948.1,YP_009010948.1 capsid protein precursor [Bovine astrovirus B76-2/HK],95.7,116,2.26E-65,Viruses,Bovine astrovirus B76-2/HK,1027247,Bovine astrovirus B76-2/HK,root|Viruses|Riboviria|Orthornavirae|Pisuviricota|Stelpaviricetes|Stellavirales|Astroviridae|Mamastrovirus|unclassified Mamastrovirus|Bovine astrovirus B76-2/HK,no rank|superkingdom|clade|kingdom|phylum|class|order|family|genus|no rank|species,0,0,0,0.516625459,0,0,0,0,0,0,0
k141_100621,1643,QQY02758.1,QQY02758.1 VEGF-like protein [Orf virus],77.1,153,2.34E-73,Viruses,Orf virus,10258,Orf virus,root|Viruses|Varidnaviria|Bamfordvirae|Nucleocytoviricota|Pokkesviricetes|Chitovirales|Poxviridae|Chordopoxvirinae|Parapoxvirus|Orf virus,no rank|superkingdom|clade|kingdom|phylum|class|order|family|subfamily|genus|species,7.725198373,0,0,0,0,0,0,123.0392767,0,0,0
k141_105417,1371,ADY76802.1,ADY76802.1 PP287 [Orf virus],52.7,129,4.08E-30,Viruses,Orf virus,10258,Orf virus,root|Viruses|Varidnaviria|Bamfordvirae|Nucleocytoviricota|Pokkesviricetes|Chitovirales|Poxviridae|Chordopoxvirinae|Parapoxvirus|Orf virus,no rank|superkingdom|clade|kingdom|phylum|class|order|family|subfamily|genus|species,0,0,0,0.25831273,1.969004078,9.16567993,0,1.588970427,0,0,0
k141_123519,1266,ADY76802.1,ADY76802.1 PP287 [Orf virus],74,50,8.13E-13,Viruses,Orf virus,10258,Orf virus,root|Viruses|Varidnaviria|Bamfordvirae|Nucleocytoviricota|Pokkesviricetes|Chitovirales|Poxviridae|Chordopoxvirinae|Parapoxvirus|Orf virus,no rank|superkingdom|clade|kingdom|phylum|class|order|family|subfamily|genus|species,1.958500996,0,0,0.904094554,20.11197023,9.348993529,0,2.065661555,0,0,0
k141_134789,3920,AKU76591.1,AKU76591.1 A-type inclusion protein/fusion peptide hybrid [Orf virus],96.3,518,0,Viruses,Orf virus,10258,Orf virus,root|Viruses|Varidnaviria|Bamfordvirae|Nucleocytoviricota|Pokkesviricetes|Chitovirales|Poxviridae|Chordopoxvirinae|Parapoxvirus|Orf virus,no rank|superkingdom|clade|kingdom|phylum|class|order|family|subfamily|genus|species,149.1180897,0,0,0,0,0,13.71929594,1155.075569,0,13.66343868,0
k141_138252,982,ADY76686.1,ADY76686.1 PP1 [Orf virus],52.3,107,2.25E-21,Viruses,Orf virus,10258,Orf virus,root|Viruses|Varidnaviria|Bamfordvirae|Nucleocytoviricota|Pokkesviricetes|Chitovirales|Poxviridae|Chordopoxvirinae|Parapoxvirus|Orf virus,no rank|superkingdom|clade|kingdom|phylum|class|order|family|subfamily|genus|species,0,0,0,0.129156365,0,5.682721557,0,0.105931362,0,0,0
k141_140219,720,ADY76686.1,ADY76686.1 PP1 [Orf virus],56,75,7.21E-18,Viruses,Orf virus,10258,Orf virus,root|Viruses|Varidnaviria|Bamfordvirae|Nucleocytoviricota|Pokkesviricetes|Chitovirales|Poxviridae|Chordopoxvirinae|Parapoxvirus|Orf virus,no rank|superkingdom|clade|kingdom|phylum|class|order|family|subfamily|genus|species,0,0,0,0,0,2.444181315,0,0,0,0,0
k141_140772,543,ADY76802.1,ADY76802.1 PP287 [Orf virus],72.1,43,2.95E-11,Viruses,Orf virus,10258,Orf virus,root|Viruses|Varidnaviria|Bamfordvirae|Nucleocytoviricota|Pokkesviricetes|Chitovirales|Poxviridae|Chordopoxvirinae|Parapoxvirus|Orf virus,no rank|superkingdom|clade|kingdom|phylum|class|order|family|subfamily|genus|species,0,0,0,0,6.328941681,0.85546346,0,0,0,0,0
k141_144136,381,AHZ33769.1,AHZ33769.1 transcription termination factor NPH-I [Orf virus],100,63,3.52E-31,Viruses,Orf virus,10258,Orf virus,root|Viruses|Varidnaviria|Bamfordvirae|Nucleocytoviricota|Pokkesviricetes|Chitovirales|Poxviridae|Chordopoxvirinae|Parapoxvirus|Orf virus,no rank|superkingdom|clade|kingdom|phylum|class|order|family|subfamily|genus|species,0.979250498,0,0,0,0,0,0,1.271176341,0,0,0
k141_145401,663,ADY76686.1,ADY76686.1 PP1 [Orf virus],65.2,89,3.94E-23,Viruses,Orf virus,10258,Orf virus,root|Viruses|Varidnaviria|Bamfordvirae|Nucleocytoviricota|Pokkesviricetes|Chitovirales|Poxviridae|Chordopoxvirinae|Parapoxvirus|Orf virus,no rank|superkingdom|clade|kingdom|phylum|class|order|family|subfamily|genus|species,0,0,0,0.25831273,0,4.277317301,0,0.211862724,0,0,0
k141_147141,4899,ADY76686.1,ADY76686.1 PP1 [Orf virus],66.3,95,3.78E-30,Viruses,Orf virus,10258,Orf virus,root|Viruses|Varidnaviria|Bamfordvirae|Nucleocytoviricota|Pokkesviricetes|Chitovirales|Poxviridae|Chordopoxvirinae|Parapoxvirus|Orf virus,no rank|superkingdom|clade|kingdom|phylum|class|order|family|subfamily|genus|species,5.549086155,0,0,6.13492733,72.64218618,52.18327107,0,4.872842642,0,0,0
k141_153905,454,ADY76802.1,ADY76802.1 PP287 [Orf virus],81.6,38,6.12E-13,Viruses,Orf virus,10258,Orf virus,root|Viruses|Varidnaviria|Bamfordvirae|Nucleocytoviricota|Pokkesviricetes|Chitovirales|Poxviridae|Chordopoxvirinae|Parapoxvirus|Orf virus,no rank|superkingdom|clade|kingdom|phylum|class|order|family|subfamily|genus|species,0,0,0,0,0,2.077554118,0,0,0,0,0
k141_165444,458,ADY76686.1,ADY76686.1 PP1 [Orf virus],66.2,74,7.13E-24,Viruses,Orf virus,10258,Orf virus,root|Viruses|Varidnaviria|Bamfordvirae|Nucleocytoviricota|Pokkesviricetes|Chitovirales|Poxviridae|Chordopoxvirinae|Parapoxvirus|Orf virus,no rank|superkingdom|clade|kingdom|phylum|class|order|family|subfamily|genus|species,0,0,0,0,5.063153345,1.833135986,0,0.423725447,0,0,0
k141_178793,420,ADY76802.1,ADY76802.1 PP287 [Orf virus],51.7,89,3.23E-18,Viruses,Orf virus,10258,Orf virus,root|Viruses|Varidnaviria|Bamfordvirae|Nucleocytoviricota|Pokkesviricetes|Chitovirales|Poxviridae|Chordopoxvirinae|Parapoxvirus|Orf virus,no rank|superkingdom|clade|kingdom|phylum|class|order|family|subfamily|genus|species,0.870444887,0,0,0,0,1.955345052,0,0,0,0,0
k141_192870,3828,AIK21838.1,"AIK21838.1 putative interleukin-10, partial [Orf virus]",98.1,52,2.18E-23,Viruses,Orf virus,10258,Orf virus,root|Viruses|Varidnaviria|Bamfordvirae|Nucleocytoviricota|Pokkesviricetes|Chitovirales|Poxviridae|Chordopoxvirinae|Parapoxvirus|Orf virus,no rank|superkingdom|clade|kingdom|phylum|class|order|family|subfamily|genus|species,4.787446879,0,0,11.94696375,80.86981036,97.76725259,0.889900277,0.953382256,0,0,0
k141_212322,437,ADY76686.1,ADY76686.1 PP1 [Orf virus],59.5,84,1.21E-17,Viruses,Orf virus,10258,Orf virus,root|Viruses|Varidnaviria|Bamfordvirae|Nucleocytoviricota|Pokkesviricetes|Chitovirales|Poxviridae|Chordopoxvirinae|Parapoxvirus|Orf virus,no rank|superkingdom|clade|kingdom|phylum|class|order|family|subfamily|genus|species,0,0,0,0.25831273,0,8.982366332,0,0.317794085,0,0,0
k141_220272,302,WGD01226.1,WGD01226.1 RNA-polymerase subunit RPO147 [Orf virus],93,100,6.35E-53,Viruses,Orf virus,10258,Orf virus,root|Viruses|Varidnaviria|Bamfordvirae|Nucleocytoviricota|Pokkesviricetes|Chitovirales|Poxviridae|Chordopoxvirinae|Parapoxvirus|Orf virus,no rank|superkingdom|clade|kingdom|phylum|class|order|family|subfamily|genus|species,0,0,0,0,0,0,0,0.317794085,0,0,0
k141_249710,496,ADY76802.1,ADY76802.1 PP287 [Orf virus],77.6,49,7.26E-18,Viruses,Orf virus,10258,Orf virus,root|Viruses|Varidnaviria|Bamfordvirae|Nucleocytoviricota|Pokkesviricetes|Chitovirales|Poxviridae|Chordopoxvirinae|Parapoxvirus|Orf virus,no rank|superkingdom|clade|kingdom|phylum|class|order|family|subfamily|genus|species,0,0,0,0,0,0.977672526,0,0,0,0,0
k141_256669,581,ADY76732.1,ADY76732.1 PP57 [Orf virus],95.7,115,4.20E-69,Viruses,Orf virus,10258,Orf virus,root|Viruses|Varidnaviria|Bamfordvirae|Nucleocytoviricota|Pokkesviricetes|Chitovirales|Poxviridae|Chordopoxvirinae|Parapoxvirus|Orf virus,no rank|superkingdom|clade|kingdom|phylum|class|order|family|subfamily|genus|species,0,0,0,0,0,0,0,2.171592916,0,0,0
k141_267402,422,ADY76923.1,ADY76923.1 PP159 [Orf virus],89.6,135,1.35E-74,Viruses,Orf virus,10258,Orf virus,root|Viruses|Varidnaviria|Bamfordvirae|Nucleocytoviricota|Pokkesviricetes|Chitovirales|Poxviridae|Chordopoxvirinae|Parapoxvirus|Orf virus,no rank|superkingdom|clade|kingdom|phylum|class|order|family|subfamily|genus|species,0,0,0,0,0,0,0,0.741519532,0,0,0
k141_2857,490,ADY76686.1,ADY76686.1 PP1 [Orf virus],70.9,55,7.50E-18,Viruses,Orf virus,10258,Orf virus,root|Viruses|Varidnaviria|Bamfordvirae|Nucleocytoviricota|Pokkesviricetes|Chitovirales|Poxviridae|Chordopoxvirinae|Parapoxvirus|Orf virus,no rank|superkingdom|clade|kingdom|phylum|class|order|family|subfamily|genus|species,1.088056109,0,0,0,0,2.688599446,0,0,0,0,0
k141_323683,326,ADY76686.1,ADY76686.1 PP1 [Orf virus],67.6,74,1.95E-27,Viruses,Orf virus,10258,Orf virus,root|Viruses|Varidnaviria|Bamfordvirae|Nucleocytoviricota|Pokkesviricetes|Chitovirales|Poxviridae|Chordopoxvirinae|Parapoxvirus|Orf virus,no rank|superkingdom|clade|kingdom|phylum|class|order|family|subfamily|genus|species,0,0,0,0,3.797365008,0.488836263,0,0,0,0,0
k141_344076,508,ADY76802.1,ADY76802.1 PP287 [Orf virus],68,50,1.62E-14,Viruses,Orf virus,10258,Orf virus,root|Viruses|Varidnaviria|Bamfordvirae|Nucleocytoviricota|Pokkesviricetes|Chitovirales|Poxviridae|Chordopoxvirinae|Parapoxvirus|Orf virus,no rank|superkingdom|clade|kingdom|phylum|class|order|family|subfamily|genus|species,0,0,0,0.193734547,0,1.466508789,0,0,0,0,0
k141_349788,1357,ADY76686.1,ADY76686.1 PP1 [Orf virus],55.1,98,3.00E-21,Viruses,Orf virus,10258,Orf virus,root|Viruses|Varidnaviria|Bamfordvirae|Nucleocytoviricota|Pokkesviricetes|Chitovirales|Poxviridae|Chordopoxvirinae|Parapoxvirus|Orf virus,no rank|superkingdom|clade|kingdom|phylum|class|order|family|subfamily|genus|species,0,0,0,0.25831273,7.243122146,11.42654765,0,0.317794085,0,0,0
k141_351013,714,ADY76802.1,ADY76802.1 PP287 [Orf virus],72.7,55,6.51E-17,Viruses,Orf virus,10258,Orf virus,root|Viruses|Varidnaviria|Bamfordvirae|Nucleocytoviricota|Pokkesviricetes|Chitovirales|Poxviridae|Chordopoxvirinae|Parapoxvirus|Orf virus,no rank|superkingdom|clade|kingdom|phylum|class|order|family|subfamily|genus|species,0,0,0,0.129156365,3.375435563,0.977672526,0,0,0,0,0
k141_35114,830,ADY76686.1,ADY76686.1 PP1 [Orf virus],75,76,8.45E-30,Viruses,Orf virus,10258,Orf virus,root|Viruses|Varidnaviria|Bamfordvirae|Nucleocytoviricota|Pokkesviricetes|Chitovirales|Poxviridae|Chordopoxvirinae|Parapoxvirus|Orf virus,no rank|superkingdom|clade|kingdom|phylum|class|order|family|subfamily|genus|species,0,0,0,0,0,5.74382609,0,0,0,0,0
k141_357336,682,ADY76802.1,ADY76802.1 PP287 [Orf virus],84.2,38,6.80E-13,Viruses,Orf virus,10258,Orf virus,root|Viruses|Varidnaviria|Bamfordvirae|Nucleocytoviricota|Pokkesviricetes|Chitovirales|Poxviridae|Chordopoxvirinae|Parapoxvirus|Orf virus,no rank|superkingdom|clade|kingdom|phylum|class|order|family|subfamily|genus|species,0.761639276,0,0,0,3.727043434,1.28319519,0,0.317794085,0,0,0
k141_359173,446,ADY76802.1,ADY76802.1 PP287 [Orf virus],68.2,44,2.49E-11,Viruses,Orf virus,10258,Orf virus,root|Viruses|Varidnaviria|Bamfordvirae|Nucleocytoviricota|Pokkesviricetes|Chitovirales|Poxviridae|Chordopoxvirinae|Parapoxvirus|Orf virus,no rank|superkingdom|clade|kingdom|phylum|class|order|family|subfamily|genus|species,0,0,0,0.516625459,1.265788336,2.810808512,1.779800554,0,0,0,0
k141_38801,734,ADY76802.1,ADY76802.1 PP287 [Orf virus],90.9,44,1.81E-18,Viruses,Orf virus,10258,Orf virus,root|Viruses|Varidnaviria|Bamfordvirae|Nucleocytoviricota|Pokkesviricetes|Chitovirales|Poxviridae|Chordopoxvirinae|Parapoxvirus|Orf virus,no rank|superkingdom|clade|kingdom|phylum|class|order|family|subfamily|genus|species,1.414472942,0,0,0.387469094,2.672219821,2.994122111,0,0,0,0,0
k141_393790,790,ADY76802.1,ADY76802.1 PP287 [Orf virus],69.8,43,1.83E-12,Viruses,Orf virus,10258,Orf virus,root|Viruses|Varidnaviria|Bamfordvirae|Nucleocytoviricota|Pokkesviricetes|Chitovirales|Poxviridae|Chordopoxvirinae|Parapoxvirus|Orf virus,no rank|superkingdom|clade|kingdom|phylum|class|order|family|subfamily|genus|species,0,0,0,0,0,2.077554118,0,0.423725447,0,0,0
k141_405143,456,ADY76686.1,ADY76686.1 PP1 [Orf virus],75,56,1.07E-17,Viruses,Orf virus,10258,Orf virus,root|Viruses|Varidnaviria|Bamfordvirae|Nucleocytoviricota|Pokkesviricetes|Chitovirales|Poxviridae|Chordopoxvirinae|Parapoxvirus|Orf virus,no rank|superkingdom|clade|kingdom|phylum|class|order|family|subfamily|genus|species,0.435222444,0,0,0.25831273,2.953506118,8.188007404,0,0.105931362,0,0,0
k141_407337,1358,ADY76686.1,ADY76686.1 PP1 [Orf virus],67.6,74,6.20E-23,Viruses,Orf virus,10258,Orf virus,root|Viruses|Varidnaviria|Bamfordvirae|Nucleocytoviricota|Pokkesviricetes|Chitovirales|Poxviridae|Chordopoxvirinae|Parapoxvirus|Orf virus,no rank|superkingdom|clade|kingdom|phylum|class|order|family|subfamily|genus|species,2.50252905,0,0.467348757,0.774938189,3.516078712,8.554634602,0,0.741519532,0,0,0
k141_413788,324,ADY76886.1,ADY76886.1 PP198 [Orf virus],99.1,107,4.63E-65,Viruses,Orf virus,10258,Orf virus,root|Viruses|Varidnaviria|Bamfordvirae|Nucleocytoviricota|Pokkesviricetes|Chitovirales|Poxviridae|Chordopoxvirinae|Parapoxvirus|Orf virus,no rank|superkingdom|clade|kingdom|phylum|class|order|family|subfamily|genus|species,0,0,0,0,0,0,0,2.012695874,0,0,0
k141_416742,636,ADY76686.1,ADY76686.1 PP1 [Orf virus],76,75,8.94E-29,Viruses,Orf virus,10258,Orf virus,root|Viruses|Varidnaviria|Bamfordvirae|Nucleocytoviricota|Pokkesviricetes|Chitovirales|Poxviridae|Chordopoxvirinae|Parapoxvirus|Orf virus,no rank|superkingdom|clade|kingdom|phylum|class|order|family|subfamily|genus|species,0,0,0,0.25831273,0.140643148,3.544062906,0,0,0,0,0
k141_417,1403,ADY76802.1,ADY76802.1 PP287 [Orf virus],71.4,49,1.47E-13,Viruses,Orf virus,10258,Orf virus,root|Viruses|Varidnaviria|Bamfordvirae|Nucleocytoviricota|Pokkesviricetes|Chitovirales|Poxviridae|Chordopoxvirinae|Parapoxvirus|Orf virus,no rank|superkingdom|clade|kingdom|phylum|class|order|family|subfamily|genus|species,0,0,0,0,5.203796493,7.45475301,0,0.529656809,0,0,0
k141_419286,1100,ADY76802.1,ADY76802.1 PP287 [Orf virus],59.3,59,4.03E-12,Viruses,Orf virus,10258,Orf virus,root|Viruses|Varidnaviria|Bamfordvirae|Nucleocytoviricota|Pokkesviricetes|Chitovirales|Poxviridae|Chordopoxvirinae|Parapoxvirus|Orf virus,no rank|superkingdom|clade|kingdom|phylum|class|order|family|subfamily|genus|species,2.50252905,0,0,1.033250919,0,8.065798339,0,0.58262249,0,0,0
k141_423339,388,ADY76802.1,ADY76802.1 PP287 [Orf virus],71.7,46,1.18E-15,Viruses,Orf virus,10258,Orf virus,root|Viruses|Varidnaviria|Bamfordvirae|Nucleocytoviricota|Pokkesviricetes|Chitovirales|Poxviridae|Chordopoxvirinae|Parapoxvirus|Orf virus,no rank|superkingdom|clade|kingdom|phylum|class|order|family|subfamily|genus|species,0,0,0,0,0,1.28319519,0,0.211862724,0,0,0
k141_443523,498,ADY76686.1,ADY76686.1 PP1 [Orf virus],69.1,68,4.95E-22,Viruses,Orf virus,10258,Orf virus,root|Viruses|Varidnaviria|Bamfordvirae|Nucleocytoviricota|Pokkesviricetes|Chitovirales|Poxviridae|Chordopoxvirinae|Parapoxvirus|Orf virus,no rank|superkingdom|clade|kingdom|phylum|class|order|family|subfamily|genus|species,0.108805611,0,0,0.129156365,14.20495799,4.338421834,0.148316713,0.052965681,0,0,0
k141_451507,875,ADY76802.1,ADY76802.1 PP287 [Orf virus],84.1,82,1.98E-42,Viruses,Orf virus,10258,Orf virus,root|Viruses|Varidnaviria|Bamfordvirae|Nucleocytoviricota|Pokkesviricetes|Chitovirales|Poxviridae|Chordopoxvirinae|Parapoxvirus|Orf virus,no rank|superkingdom|clade|kingdom|phylum|class|order|family|subfamily|genus|species,1.305667331,0,0,0,2.250290375,5.438303425,0,0.211862724,0,0,0
k141_45179,681,ADY76686.1,ADY76686.1 PP1 [Orf virus],70,60,1.06E-17,Viruses,Orf virus,10258,Orf virus,root|Viruses|Varidnaviria|Bamfordvirae|Nucleocytoviricota|Pokkesviricetes|Chitovirales|Poxviridae|Chordopoxvirinae|Parapoxvirus|Orf virus,no rank|superkingdom|clade|kingdom|phylum|class|order|family|subfamily|genus|species,0,0,0,0.25831273,0,2.321972249,0,0,0,0,0
k141_464904,354,ADY76686.1,ADY76686.1 PP1 [Orf virus],70.3,91,8.98E-38,Viruses,Orf virus,10258,Orf virus,root|Viruses|Varidnaviria|Bamfordvirae|Nucleocytoviricota|Pokkesviricetes|Chitovirales|Poxviridae|Chordopoxvirinae|Parapoxvirus|Orf virus,no rank|superkingdom|clade|kingdom|phylum|class|order|family|subfamily|genus|species,0,0,0,0.387469094,0.140643148,2.505285848,0,0,0,0,0
k141_465113,369,ADY76802.1,ADY76802.1 PP287 [Orf virus],82.1,39,1.14E-14,Viruses,Orf virus,10258,Orf virus,root|Viruses|Varidnaviria|Bamfordvirae|Nucleocytoviricota|Pokkesviricetes|Chitovirales|Poxviridae|Chordopoxvirinae|Parapoxvirus|Orf virus,no rank|superkingdom|clade|kingdom|phylum|class|order|family|subfamily|genus|species,1.19686172,0,0,0,0,0.916567993,0,0,0,0,0
k141_470998,1408,ADY76802.1,ADY76802.1 PP287 [Orf virus],76.7,90,3.91E-38,Viruses,Orf virus,10258,Orf virus,root|Viruses|Varidnaviria|Bamfordvirae|Nucleocytoviricota|Pokkesviricetes|Chitovirales|Poxviridae|Chordopoxvirinae|Parapoxvirus|Orf virus,no rank|superkingdom|clade|kingdom|phylum|class|order|family|subfamily|genus|species,0.108805611,0,0,0.387469094,13.00949123,7.821380207,0.593266851,0,0,0,0
k141_473698,366,AAR98190.1,AAR98190.1 ORF095 DNA helicase [Orf virus],100,121,1.94E-74,Viruses,Orf virus,10258,Orf virus,root|Viruses|Varidnaviria|Bamfordvirae|Nucleocytoviricota|Pokkesviricetes|Chitovirales|Poxviridae|Chordopoxvirinae|Parapoxvirus|Orf virus,no rank|superkingdom|clade|kingdom|phylum|class|order|family|subfamily|genus|species,0,0,0,0,0,0,0,0.529656809,0,0,0
k141_489546,803,ADY76686.1,ADY76686.1 PP1 [Orf virus],78.3,69,4.53E-27,Viruses,Orf virus,10258,Orf virus,root|Viruses|Varidnaviria|Bamfordvirae|Nucleocytoviricota|Pokkesviricetes|Chitovirales|Poxviridae|Chordopoxvirinae|Parapoxvirus|Orf virus,no rank|superkingdom|clade|kingdom|phylum|class|order|family|subfamily|genus|species,1.088056109,0,0,1.743610925,4.500580751,7.515857543,0,0.052965681,0,0,0
k141_504802,490,ADY76802.1,ADY76802.1 PP287 [Orf virus],81.6,38,1.21E-12,Viruses,Orf virus,10258,Orf virus,root|Viruses|Varidnaviria|Bamfordvirae|Nucleocytoviricota|Pokkesviricetes|Chitovirales|Poxviridae|Chordopoxvirinae|Parapoxvirus|Orf virus,no rank|superkingdom|clade|kingdom|phylum|class|order|family|subfamily|genus|species,0,0,0,0,0.140643148,1.71092692,0,0,0,0,0
k141_516380,456,ADY76686.1,ADY76686.1 PP1 [Orf virus],71.8,85,2.23E-30,Viruses,Orf virus,10258,Orf virus,root|Viruses|Varidnaviria|Bamfordvirae|Nucleocytoviricota|Pokkesviricetes|Chitovirales|Poxviridae|Chordopoxvirinae|Parapoxvirus|Orf virus,no rank|superkingdom|clade|kingdom|phylum|class|order|family|subfamily|genus|species,0,0,0,0,11.67338132,3.055226643,0,0.529656809,0,0,0
k141_524650,563,ADY76802.1,ADY76802.1 PP287 [Orf virus],77.8,90,2.04E-43,Viruses,Orf virus,10258,Orf virus,root|Viruses|Varidnaviria|Bamfordvirae|Nucleocytoviricota|Pokkesviricetes|Chitovirales|Poxviridae|Chordopoxvirinae|Parapoxvirus|Orf virus,no rank|superkingdom|clade|kingdom|phylum|class|order|family|subfamily|genus|species,2.012903801,0,0,0.129156365,0.351607871,3.971794636,0,0.423725447,0,0,0
k141_526227,1619,ADY76686.1,ADY76686.1 PP1 [Orf virus],70.2,57,3.25E-14,Viruses,Orf virus,10258,Orf virus,root|Viruses|Varidnaviria|Bamfordvirae|Nucleocytoviricota|Pokkesviricetes|Chitovirales|Poxviridae|Chordopoxvirinae|Parapoxvirus|Orf virus,no rank|superkingdom|clade|kingdom|phylum|class|order|family|subfamily|genus|species,1.523278552,0,0,0.710360007,20.81518597,9.837829792,0,0,0,0,0
k141_556670,405,ADY76686.1,ADY76686.1 PP1 [Orf virus],75.6,78,1.30E-32,Viruses,Orf virus,10258,Orf virus,root|Viruses|Varidnaviria|Bamfordvirae|Nucleocytoviricota|Pokkesviricetes|Chitovirales|Poxviridae|Chordopoxvirinae|Parapoxvirus|Orf virus,no rank|superkingdom|clade|kingdom|phylum|class|order|family|subfamily|genus|species,0,0,0,0.839516371,0,7.88248474,0,0.211862724,0,0,0
k141_560268,483,ADY76686.1,ADY76686.1 PP1 [Orf virus],86.1,36,7.09E-11,Viruses,Orf virus,10258,Orf virus,root|Viruses|Varidnaviria|Bamfordvirae|Nucleocytoviricota|Pokkesviricetes|Chitovirales|Poxviridae|Chordopoxvirinae|Parapoxvirus|Orf virus,no rank|superkingdom|clade|kingdom|phylum|class|order|family|subfamily|genus|species,0,0,0,0,0,1.833135986,0,0.317794085,0,0,0
k141_580647,419,ADY76686.1,ADY76686.1 PP1 [Orf virus],67.2,58,2.20E-19,Viruses,Orf virus,10258,Orf virus,root|Viruses|Varidnaviria|Bamfordvirae|Nucleocytoviricota|Pokkesviricetes|Chitovirales|Poxviridae|Chordopoxvirinae|Parapoxvirus|Orf virus,no rank|superkingdom|clade|kingdom|phylum|class|order|family|subfamily|genus|species,0,0,0,0.129156365,0.281286297,2.627494913,0,0,0,0,0
k141_581194,977,ADY76802.1,ADY76802.1 PP287 [Orf virus],83.1,71,4.15E-30,Viruses,Orf virus,10258,Orf virus,root|Viruses|Varidnaviria|Bamfordvirae|Nucleocytoviricota|Pokkesviricetes|Chitovirales|Poxviridae|Chordopoxvirinae|Parapoxvirus|Orf virus,no rank|superkingdom|clade|kingdom|phylum|class|order|family|subfamily|genus|species,0.326416833,0,0,0,0.140643148,2.994122111,0,0,0,0,0
k141_594777,940,ADY76802.1,ADY76802.1 PP287 [Orf virus],76.7,43,1.83E-12,Viruses,Orf virus,10258,Orf virus,root|Viruses|Varidnaviria|Bamfordvirae|Nucleocytoviricota|Pokkesviricetes|Chitovirales|Poxviridae|Chordopoxvirinae|Parapoxvirus|Orf virus,no rank|superkingdom|clade|kingdom|phylum|class|order|family|subfamily|genus|species,4.787446879,0,0,0,3.516078712,8.432425536,0,2.012695874,0,0,0
k141_596715,882,ADY76802.1,ADY76802.1 PP287 [Orf virus],85.7,42,2.79E-14,Viruses,Orf virus,10258,Orf virus,root|Viruses|Varidnaviria|Bamfordvirae|Nucleocytoviricota|Pokkesviricetes|Chitovirales|Poxviridae|Chordopoxvirinae|Parapoxvirus|Orf virus,no rank|superkingdom|clade|kingdom|phylum|class|order|family|subfamily|genus|species,0,0,0,0.516625459,0,6.049348754,0,0,0,0,0
k141_597118,616,ADY76802.1,ADY76802.1 PP287 [Orf virus],71.7,46,3.11E-13,Viruses,Orf virus,10258,Orf virus,root|Viruses|Varidnaviria|Bamfordvirae|Nucleocytoviricota|Pokkesviricetes|Chitovirales|Poxviridae|Chordopoxvirinae|Parapoxvirus|Orf virus,no rank|superkingdom|clade|kingdom|phylum|class|order|family|subfamily|genus|species,0.979250498,0,0,0,7.735373165,3.177435709,0,0,0,0,0
k141_597194,434,ADY76802.1,ADY76802.1 PP287 [Orf virus],75.6,41,1.25E-13,Viruses,Orf virus,10258,Orf virus,root|Viruses|Varidnaviria|Bamfordvirae|Nucleocytoviricota|Pokkesviricetes|Chitovirales|Poxviridae|Chordopoxvirinae|Parapoxvirus|Orf virus,no rank|superkingdom|clade|kingdom|phylum|class|order|family|subfamily|genus|species,0,0,0,0,0,2.077554118,0,0,0,0,0
k141_604825,531,ADY76686.1,ADY76686.1 PP1 [Orf virus],73.6,72,3.74E-27,Viruses,Orf virus,10258,Orf virus,root|Viruses|Varidnaviria|Bamfordvirae|Nucleocytoviricota|Pokkesviricetes|Chitovirales|Poxviridae|Chordopoxvirinae|Parapoxvirus|Orf virus,no rank|superkingdom|clade|kingdom|phylum|class|order|family|subfamily|genus|species,0.272014027,0,0,0.387469094,0,2.994122111,0,0,0,0,0
k141_61681,2377,ADY76686.1,ADY76686.1 PP1 [Orf virus],71.1,97,2.50E-36,Viruses,Orf virus,10258,Orf virus,root|Viruses|Varidnaviria|Bamfordvirae|Nucleocytoviricota|Pokkesviricetes|Chitovirales|Poxviridae|Chordopoxvirinae|Parapoxvirus|Orf virus,no rank|superkingdom|clade|kingdom|phylum|class|order|family|subfamily|genus|species,3.372973938,0,0,3.551800033,25.3860883,29.51348938,1.631483841,2.860146768,0,0,0
k141_7353,302,QLI57638.1,QLI57638.1 serine/threonine protein kinase [Orf virus],100,100,2.88E-60,Viruses,Orf virus,10258,Orf virus,root|Viruses|Varidnaviria|Bamfordvirae|Nucleocytoviricota|Pokkesviricetes|Chitovirales|Poxviridae|Chordopoxvirinae|Parapoxvirus|Orf virus,no rank|superkingdom|clade|kingdom|phylum|class|order|family|subfamily|genus|species,0,0,0,0,0,0,0,0.529656809,0,0,0
k141_87162,716,ADY76686.1,ADY76686.1 PP1 [Orf virus],48.9,94,3.39E-13,Viruses,Orf virus,10258,Orf virus,root|Viruses|Varidnaviria|Bamfordvirae|Nucleocytoviricota|Pokkesviricetes|Chitovirales|Poxviridae|Chordopoxvirinae|Parapoxvirus|Orf virus,no rank|superkingdom|clade|kingdom|phylum|class|order|family|subfamily|genus|species,0,0,0,0,2.953506118,3.177435709,0,0.635588171,0,0,0
k141_96612,2604,ADY76802.1,ADY76802.1 PP287 [Orf virus],68.4,76,1.57E-23,Viruses,Orf virus,10258,Orf virus,root|Viruses|Varidnaviria|Bamfordvirae|Nucleocytoviricota|Pokkesviricetes|Chitovirales|Poxviridae|Chordopoxvirinae|Parapoxvirus|Orf virus,no rank|superkingdom|clade|kingdom|phylum|class|order|family|subfamily|genus|species,5.005058101,0,0,0.516625459,10.05598511,21.81431823,0,0.476691128,0,8.048326896,0
k141_100123,404,ADC53849.1,ADC53849.1 thioredoxin-like protein [Pseudocowpox virus],100,71,1.66E-44,Viruses,Pseudocowpox virus,129726,Pseudocowpox virus,root|Viruses|Varidnaviria|Bamfordvirae|Nucleocytoviricota|Pokkesviricetes|Chitovirales|Poxviridae|Chordopoxvirinae|Parapoxvirus|Pseudocowpox virus,no rank|superkingdom|clade|kingdom|phylum|class|order|family|subfamily|genus|species,0,0,0,0,0,0,0,1.906764512,0,0,0
k141_111634,697,ADC53857.1,ADC53857.1 virion core protein P4a precursor [Pseudocowpox virus],98.3,232,2.38E-153,Viruses,Pseudocowpox virus,129726,Pseudocowpox virus,root|Viruses|Varidnaviria|Bamfordvirae|Nucleocytoviricota|Pokkesviricetes|Chitovirales|Poxviridae|Chordopoxvirinae|Parapoxvirus|Pseudocowpox virus,no rank|superkingdom|clade|kingdom|phylum|class|order|family|subfamily|genus|species,0,0,0,0,0,0,0,3.707597662,0,0,0
k141_117931,382,YP_003457367.1,YP_003457367.1 topoisomerase I [Pseudocowpox virus],99.2,127,3.54E-80,Viruses,Pseudocowpox virus,129726,Pseudocowpox virus,root|Viruses|Varidnaviria|Bamfordvirae|Nucleocytoviricota|Pokkesviricetes|Chitovirales|Poxviridae|Chordopoxvirinae|Parapoxvirus|Pseudocowpox virus,no rank|superkingdom|clade|kingdom|phylum|class|order|family|subfamily|genus|species,0,0,0,0,0,0,0,1.271176341,0,0,0
k141_129333,623,YP_003457335.1,YP_003457335.1 DNA-binding virion core protein [Pseudocowpox virus],99,207,7.74E-138,Viruses,Pseudocowpox virus,129726,Pseudocowpox virus,root|Viruses|Varidnaviria|Bamfordvirae|Nucleocytoviricota|Pokkesviricetes|Chitovirales|Poxviridae|Chordopoxvirinae|Parapoxvirus|Pseudocowpox virus,no rank|superkingdom|clade|kingdom|phylum|class|order|family|subfamily|genus|species,0,0,0,0,0,0,0,1.694901788,0,0,0
k141_131053,522,YP_003457393.1,YP_003457393.1 virion formation protein [Pseudocowpox virus],98.8,173,1.80E-109,Viruses,Pseudocowpox virus,129726,Pseudocowpox virus,root|Viruses|Varidnaviria|Bamfordvirae|Nucleocytoviricota|Pokkesviricetes|Chitovirales|Poxviridae|Chordopoxvirinae|Parapoxvirus|Pseudocowpox virus,no rank|superkingdom|clade|kingdom|phylum|class|order|family|subfamily|genus|species,0,0,0,0,0,0,0,1.747867469,0,0,0
k141_135256,479,YP_003457316.1,YP_003457316.1 hypothetical protein PCPV_gp013 [Pseudocowpox virus],95.6,90,1.01E-48,Viruses,Pseudocowpox virus,129726,Pseudocowpox virus,root|Viruses|Varidnaviria|Bamfordvirae|Nucleocytoviricota|Pokkesviricetes|Chitovirales|Poxviridae|Chordopoxvirinae|Parapoxvirus|Pseudocowpox virus,no rank|superkingdom|clade|kingdom|phylum|class|order|family|subfamily|genus|species,4.461030046,0,0,0,0,0.122209066,0,18.69688535,0,0,0
k141_149295,531,QOI16147.1,"QOI16147.1 RNA polymerase subunit, partial [Pseudocowpox virus]",100,172,8.86E-116,Viruses,Pseudocowpox virus,129726,Pseudocowpox virus,root|Viruses|Varidnaviria|Bamfordvirae|Nucleocytoviricota|Pokkesviricetes|Chitovirales|Poxviridae|Chordopoxvirinae|Parapoxvirus|Pseudocowpox virus,no rank|superkingdom|clade|kingdom|phylum|class|order|family|subfamily|genus|species,0,0,0,0,0,0,0,2.38345564,0,0,0
k141_164526,362,ADC53853.1,ADC53853.1 hypothetical protein [Pseudocowpox virus],100,120,5.04E-73,Viruses,Pseudocowpox virus,129726,Pseudocowpox virus,root|Viruses|Varidnaviria|Bamfordvirae|Nucleocytoviricota|Pokkesviricetes|Chitovirales|Poxviridae|Chordopoxvirinae|Parapoxvirus|Pseudocowpox virus,no rank|superkingdom|clade|kingdom|phylum|class|order|family|subfamily|genus|species,0,0,0,0,0,0,0,1.483039065,0,0,0
k141_165486,382,ADC53815.1,ADC53815.1 late transcription factor [Pseudocowpox virus],100,121,5.91E-82,Viruses,Pseudocowpox virus,129726,Pseudocowpox virus,root|Viruses|Varidnaviria|Bamfordvirae|Nucleocytoviricota|Pokkesviricetes|Chitovirales|Poxviridae|Chordopoxvirinae|Parapoxvirus|Pseudocowpox virus,no rank|superkingdom|clade|kingdom|phylum|class|order|family|subfamily|genus|species,0,0,0,0,0,0,0,1.377107703,0,0,0
k141_166314,539,AEL20656.1,AEL20656.1 NF-kB inhibitor [Pseudocowpox virus],82.4,159,1.84E-62,Viruses,Pseudocowpox virus,129726,Pseudocowpox virus,root|Viruses|Varidnaviria|Bamfordvirae|Nucleocytoviricota|Pokkesviricetes|Chitovirales|Poxviridae|Chordopoxvirinae|Parapoxvirus|Pseudocowpox virus,no rank|superkingdom|clade|kingdom|phylum|class|order|family|subfamily|genus|species,0,0,0,0,0,0,0,1.853798831,0,0,0
k141_172878,535,YP_003457319.1,YP_003457319.1 RING-H2 motif protein [Pseudocowpox virus],98.9,93,8.16E-65,Viruses,Pseudocowpox virus,129726,Pseudocowpox virus,root|Viruses|Varidnaviria|Bamfordvirae|Nucleocytoviricota|Pokkesviricetes|Chitovirales|Poxviridae|Chordopoxvirinae|Parapoxvirus|Pseudocowpox virus,no rank|superkingdom|clade|kingdom|phylum|class|order|family|subfamily|genus|species,0.544028054,0,0,0,0,0,0,1.906764512,0,0,0
k141_20179,2300,ADC53794.1,ADC53794.1 hypothetical protein [Pseudocowpox virus],76.8,95,1.93E-34,Viruses,Pseudocowpox virus,129726,Pseudocowpox virus,root|Viruses|Varidnaviria|Bamfordvirae|Nucleocytoviricota|Pokkesviricetes|Chitovirales|Poxviridae|Chordopoxvirinae|Parapoxvirus|Pseudocowpox virus,no rank|superkingdom|clade|kingdom|phylum|class|order|family|subfamily|genus|species,6.637142264,0,0,1.420720013,41.91165824,22.91419983,1.928117267,2.118627235,0,0,0
k141_206857,334,YP_003457352.1,YP_003457352.1 IMV protein [Pseudocowpox virus],100,111,5.34E-71,Viruses,Pseudocowpox virus,129726,Pseudocowpox virus,root|Viruses|Varidnaviria|Bamfordvirae|Nucleocytoviricota|Pokkesviricetes|Chitovirales|Poxviridae|Chordopoxvirinae|Parapoxvirus|Pseudocowpox virus,no rank|superkingdom|clade|kingdom|phylum|class|order|family|subfamily|genus|species,0,0,0,0,0,0,0,1.483039065,0,0,0
k141_219919,351,ADC53786.1,ADC53786.1 hypothetical protein [Pseudocowpox virus],90.2,112,1.78E-57,Viruses,Pseudocowpox virus,129726,Pseudocowpox virus,root|Viruses|Varidnaviria|Bamfordvirae|Nucleocytoviricota|Pokkesviricetes|Chitovirales|Poxviridae|Chordopoxvirinae|Parapoxvirus|Pseudocowpox virus,no rank|superkingdom|clade|kingdom|phylum|class|order|family|subfamily|genus|species,0,0,0,0,0,0,0,0.847450894,0,0,0
k141_224542,470,YP_003457325.1,YP_003457325.1 dsRNA-binding interferon resistance protein [Pseudocowpox virus],93,100,1.29E-60,Viruses,Pseudocowpox virus,129726,Pseudocowpox virus,root|Viruses|Varidnaviria|Bamfordvirae|Nucleocytoviricota|Pokkesviricetes|Chitovirales|Poxviridae|Chordopoxvirinae|Parapoxvirus|Pseudocowpox virus,no rank|superkingdom|clade|kingdom|phylum|class|order|family|subfamily|genus|species,0,0,0,0,0,0,0,2.224558597,0,0,0
k141_229533,349,ADC53838.1,ADC53838.1 NTPase [Pseudocowpox virus],98.9,88,4.55E-50,Viruses,Pseudocowpox virus,129726,Pseudocowpox virus,root|Viruses|Varidnaviria|Bamfordvirae|Nucleocytoviricota|Pokkesviricetes|Chitovirales|Poxviridae|Chordopoxvirinae|Parapoxvirus|Pseudocowpox virus,no rank|superkingdom|clade|kingdom|phylum|class|order|family|subfamily|genus|species,0,0,0,0,0,0,0,0.794485213,0,0,0
k141_23046,3052,YP_003457424.1,YP_003457424.1 GM-CSF/IL-2 inhibition factor [Pseudocowpox virus],97,265,3.43E-181,Viruses,Pseudocowpox virus,129726,Pseudocowpox virus,root|Viruses|Varidnaviria|Bamfordvirae|Nucleocytoviricota|Pokkesviricetes|Chitovirales|Poxviridae|Chordopoxvirinae|Parapoxvirus|Pseudocowpox virus,no rank|superkingdom|clade|kingdom|phylum|class|order|family|subfamily|genus|species,8.378032038,0,0,0,0,0,1.928117267,74.41678165,0,2.308434846,0
k141_232571,625,ADC53857.1,ADC53857.1 virion core protein P4a precursor [Pseudocowpox virus],98.6,208,8.75E-128,Viruses,Pseudocowpox virus,129726,Pseudocowpox virus,root|Viruses|Varidnaviria|Bamfordvirae|Nucleocytoviricota|Pokkesviricetes|Chitovirales|Poxviridae|Chordopoxvirinae|Parapoxvirus|Pseudocowpox virus,no rank|superkingdom|clade|kingdom|phylum|class|order|family|subfamily|genus|species,0,0,0,0,0,0,0,4.396151514,0,0,0
k141_232750,374,ADC53853.1,ADC53853.1 hypothetical protein [Pseudocowpox virus],100,124,6.17E-78,Viruses,Pseudocowpox virus,129726,Pseudocowpox virus,root|Viruses|Varidnaviria|Bamfordvirae|Nucleocytoviricota|Pokkesviricetes|Chitovirales|Poxviridae|Chordopoxvirinae|Parapoxvirus|Pseudocowpox virus,no rank|superkingdom|clade|kingdom|phylum|class|order|family|subfamily|genus|species,0.652833665,0,0,0,0,0,0,0.847450894,0,0,0
k141_252370,305,ADC53803.1,ADC53803.1 IMV protein [Pseudocowpox virus],100,58,3.10E-26,Viruses,Pseudocowpox virus,129726,Pseudocowpox virus,root|Viruses|Varidnaviria|Bamfordvirae|Nucleocytoviricota|Pokkesviricetes|Chitovirales|Poxviridae|Chordopoxvirinae|Parapoxvirus|Pseudocowpox virus,no rank|superkingdom|clade|kingdom|phylum|class|order|family|subfamily|genus|species,0,0,0,0,0,0,0,1.059313618,0,0,0
k141_274258,585,AEL20656.1,AEL20656.1 NF-kB inhibitor [Pseudocowpox virus],90.3,165,6.10E-98,Viruses,Pseudocowpox virus,129726,Pseudocowpox virus,root|Viruses|Varidnaviria|Bamfordvirae|Nucleocytoviricota|Pokkesviricetes|Chitovirales|Poxviridae|Chordopoxvirinae|Parapoxvirus|Pseudocowpox virus,no rank|superkingdom|clade|kingdom|phylum|class|order|family|subfamily|genus|species,0,0,0,0,0,0,0,4.078357428,0,0,0
k141_281076,1309,YP_003457385.1,YP_003457385.1 virion core protein P4b precursor [Pseudocowpox virus],98.8,327,3.12E-196,Viruses,Pseudocowpox virus,129726,Pseudocowpox virus,root|Viruses|Varidnaviria|Bamfordvirae|Nucleocytoviricota|Pokkesviricetes|Chitovirales|Poxviridae|Chordopoxvirinae|Parapoxvirus|Pseudocowpox virus,no rank|superkingdom|clade|kingdom|phylum|class|order|family|subfamily|genus|species,0,0,0,0,0,0,0,7.574092367,0,0,0
k141_293580,1185,YP_003457400.1,YP_003457400.1 phosphorylated IMV membrane protein [Pseudocowpox virus],100,199,1.89E-129,Viruses,Pseudocowpox virus,129726,Pseudocowpox virus,root|Viruses|Varidnaviria|Bamfordvirae|Nucleocytoviricota|Pokkesviricetes|Chitovirales|Poxviridae|Chordopoxvirinae|Parapoxvirus|Pseudocowpox virus,no rank|superkingdom|clade|kingdom|phylum|class|order|family|subfamily|genus|species,0,0,0,0,0,0,0.889900277,7.680023729,0,0,0
k141_341576,509,YP_003457329.1,YP_003457329.1 hypothetical protein PCPV_gp026 [Pseudocowpox virus],99.2,121,2.48E-78,Viruses,Pseudocowpox virus,129726,Pseudocowpox virus,root|Viruses|Varidnaviria|Bamfordvirae|Nucleocytoviricota|Pokkesviricetes|Chitovirales|Poxviridae|Chordopoxvirinae|Parapoxvirus|Pseudocowpox virus,no rank|superkingdom|clade|kingdom|phylum|class|order|family|subfamily|genus|species,0,0,0,0,0,0,0,2.436421321,0,0,0
k141_349575,910,YP_003457312.1,YP_003457312.1 hypothetical protein PCPV_gp009 [Pseudocowpox virus],97.1,173,8.26E-109,Viruses,Pseudocowpox virus,129726,Pseudocowpox virus,root|Viruses|Varidnaviria|Bamfordvirae|Nucleocytoviricota|Pokkesviricetes|Chitovirales|Poxviridae|Chordopoxvirinae|Parapoxvirus|Pseudocowpox virus,no rank|superkingdom|clade|kingdom|phylum|class|order|family|subfamily|genus|species,0.217611222,0,0,0,0,0,0,9.427891198,0,0,0
k141_396162,719,YP_003457323.1,YP_003457323.1 poly(A)-polymerase subunit [Pseudocowpox virus],100,123,1.36E-72,Viruses,Pseudocowpox virus,129726,Pseudocowpox virus,root|Viruses|Varidnaviria|Bamfordvirae|Nucleocytoviricota|Pokkesviricetes|Chitovirales|Poxviridae|Chordopoxvirinae|Parapoxvirus|Pseudocowpox virus,no rank|superkingdom|clade|kingdom|phylum|class|order|family|subfamily|genus|species,1.414472942,0,0,0,0,0,0,11.22872435,0,0,0
k141_39872,1244,ADC53788.1,ADC53788.1 poly(A)-polymerase subunit [Pseudocowpox virus],98.7,319,1.24E-211,Viruses,Pseudocowpox virus,129726,Pseudocowpox virus,root|Viruses|Varidnaviria|Bamfordvirae|Nucleocytoviricota|Pokkesviricetes|Chitovirales|Poxviridae|Chordopoxvirinae|Parapoxvirus|Pseudocowpox virus,no rank|superkingdom|clade|kingdom|phylum|class|order|family|subfamily|genus|species,0.979250498,0,0,0,0,0,0,8.845268708,0,0,0
k141_403825,311,ADC53857.1,ADC53857.1 virion core protein P4a precursor [Pseudocowpox virus],99,103,5.23E-62,Viruses,Pseudocowpox virus,129726,Pseudocowpox virus,root|Viruses|Varidnaviria|Bamfordvirae|Nucleocytoviricota|Pokkesviricetes|Chitovirales|Poxviridae|Chordopoxvirinae|Parapoxvirus|Pseudocowpox virus,no rank|superkingdom|clade|kingdom|phylum|class|order|family|subfamily|genus|species,0,0,0,0,0,0,0,0.847450894,0,0,0
k141_40693,852,ADC53785.1,ADC53785.1 hypothetical protein [Pseudocowpox virus],99.3,275,9.63E-194,Viruses,Pseudocowpox virus,129726,Pseudocowpox virus,root|Viruses|Varidnaviria|Bamfordvirae|Nucleocytoviricota|Pokkesviricetes|Chitovirales|Poxviridae|Chordopoxvirinae|Parapoxvirus|Pseudocowpox virus,no rank|superkingdom|clade|kingdom|phylum|class|order|family|subfamily|genus|species,0,0,0,0,0,0,0,3.548700619,0,0,0
k141_408258,870,YP_003457334.1,YP_003457334.1 hypothetical protein PCPV_gp031 [Pseudocowpox virus],99.5,182,3.86E-118,Viruses,Pseudocowpox virus,129726,Pseudocowpox virus,root|Viruses|Varidnaviria|Bamfordvirae|Nucleocytoviricota|Pokkesviricetes|Chitovirales|Poxviridae|Chordopoxvirinae|Parapoxvirus|Pseudocowpox virus,no rank|superkingdom|clade|kingdom|phylum|class|order|family|subfamily|genus|species,0,0,0,0,0,0,0,5.508430812,0,0,0
k141_416484,316,ADC53842.1,ADC53842.1 NPH-1 [Pseudocowpox virus],98.1,104,3.76E-64,Viruses,Pseudocowpox virus,129726,Pseudocowpox virus,root|Viruses|Varidnaviria|Bamfordvirae|Nucleocytoviricota|Pokkesviricetes|Chitovirales|Poxviridae|Chordopoxvirinae|Parapoxvirus|Pseudocowpox virus,no rank|superkingdom|clade|kingdom|phylum|class|order|family|subfamily|genus|species,0,0,0,0,0,0,0,0.423725447,0,0,0
k141_421698,358,YP_003457383.1,YP_003457383.1 late transcription factor VLTF3 [Pseudocowpox virus],100,103,4.07E-66,Viruses,Pseudocowpox virus,129726,Pseudocowpox virus,root|Viruses|Varidnaviria|Bamfordvirae|Nucleocytoviricota|Pokkesviricetes|Chitovirales|Poxviridae|Chordopoxvirinae|Parapoxvirus|Pseudocowpox virus,no rank|superkingdom|clade|kingdom|phylum|class|order|family|subfamily|genus|species,0,0,0,0,0,0,0,1.483039065,0,0,0
k141_430640,688,AEL20655.1,AEL20655.1 hypothetical protein [Pseudocowpox virus],80.9,204,4.44E-56,Viruses,Pseudocowpox virus,129726,Pseudocowpox virus,root|Viruses|Varidnaviria|Bamfordvirae|Nucleocytoviricota|Pokkesviricetes|Chitovirales|Poxviridae|Chordopoxvirinae|Parapoxvirus|Pseudocowpox virus,no rank|superkingdom|clade|kingdom|phylum|class|order|family|subfamily|genus|species,2.284917829,0,0,0,0,0,0,9.057131432,0,0,0
k141_433115,1673,AEO18262.1,AEO18262.1 chemokine-binding protein [Pseudocowpox virus],85.6,284,4.15E-173,Viruses,Pseudocowpox virus,129726,Pseudocowpox virus,root|Viruses|Varidnaviria|Bamfordvirae|Nucleocytoviricota|Pokkesviricetes|Chitovirales|Poxviridae|Chordopoxvirinae|Parapoxvirus|Pseudocowpox virus,no rank|superkingdom|clade|kingdom|phylum|class|order|family|subfamily|genus|species,8.59564326,0,0,0,0,0,0.889900277,58.36818034,0,0,0
k141_452102,344,YP_003457358.1,YP_003457358.1 poly(A)-polymerase subunit [Pseudocowpox virus],98.9,92,2.30E-60,Viruses,Pseudocowpox virus,129726,Pseudocowpox virus,root|Viruses|Varidnaviria|Bamfordvirae|Nucleocytoviricota|Pokkesviricetes|Chitovirales|Poxviridae|Chordopoxvirinae|Parapoxvirus|Pseudocowpox virus,no rank|superkingdom|clade|kingdom|phylum|class|order|family|subfamily|genus|species,0,0,0,0,0,0,0,0.953382256,0,0,0
k141_462524,687,AEL20654.1,AEL20654.1 hypothetical protein [Pseudocowpox virus],94.8,210,8.28E-136,Viruses,Pseudocowpox virus,129726,Pseudocowpox virus,root|Viruses|Varidnaviria|Bamfordvirae|Nucleocytoviricota|Pokkesviricetes|Chitovirales|Poxviridae|Chordopoxvirinae|Parapoxvirus|Pseudocowpox virus,no rank|superkingdom|clade|kingdom|phylum|class|order|family|subfamily|genus|species,1.740889774,0,0,0,0,0,0,11.54651843,0,0,0
k141_464209,630,AHA56667.1,AHA56667.1 putative DNA binding phosphoprotein [Pseudocowpox virus],97.6,209,6.11E-132,Viruses,Pseudocowpox virus,129726,Pseudocowpox virus,root|Viruses|Varidnaviria|Bamfordvirae|Nucleocytoviricota|Pokkesviricetes|Chitovirales|Poxviridae|Chordopoxvirinae|Parapoxvirus|Pseudocowpox virus,no rank|superkingdom|clade|kingdom|phylum|class|order|family|subfamily|genus|species,0,0,0,0,0,0,0,3.389803577,0,0,0
k141_466038,406,YP_003457334.1,YP_003457334.1 hypothetical protein PCPV_gp031 [Pseudocowpox virus],100,135,3.96E-86,Viruses,Pseudocowpox virus,129726,Pseudocowpox virus,root|Viruses|Varidnaviria|Bamfordvirae|Nucleocytoviricota|Pokkesviricetes|Chitovirales|Poxviridae|Chordopoxvirinae|Parapoxvirus|Pseudocowpox virus,no rank|superkingdom|clade|kingdom|phylum|class|order|family|subfamily|genus|species,0,0,0,0,0,0,0,1.641936107,0,0,0
k141_47393,408,YP_003457343.1,YP_003457343.1 hypothetical protein PCPV_gp040 [Pseudocowpox virus],100,107,1.06E-64,Viruses,Pseudocowpox virus,129726,Pseudocowpox virus,root|Viruses|Varidnaviria|Bamfordvirae|Nucleocytoviricota|Pokkesviricetes|Chitovirales|Poxviridae|Chordopoxvirinae|Parapoxvirus|Pseudocowpox virus,no rank|superkingdom|clade|kingdom|phylum|class|order|family|subfamily|genus|species,0,0,0,0,0,0,0,1.377107703,0,0,0
k141_473994,423,YP_003457369.1,YP_003457369.1 mRNA capping enzyme subunit [Pseudocowpox virus],100,140,3.53E-81,Viruses,Pseudocowpox virus,129726,Pseudocowpox virus,root|Viruses|Varidnaviria|Bamfordvirae|Nucleocytoviricota|Pokkesviricetes|Chitovirales|Poxviridae|Chordopoxvirinae|Parapoxvirus|Pseudocowpox virus,no rank|superkingdom|clade|kingdom|phylum|class|order|family|subfamily|genus|species,0,0,0,0,0,0,0,0.900416575,0,0,0
k141_479386,2874,YP_003457304.1,YP_003457304.1 hypothetical protein PCPV_gp001 [Pseudocowpox virus],90.7,150,2.47E-75,Viruses,Pseudocowpox virus,129726,Pseudocowpox virus,root|Viruses|Varidnaviria|Bamfordvirae|Nucleocytoviricota|Pokkesviricetes|Chitovirales|Poxviridae|Chordopoxvirinae|Parapoxvirus|Pseudocowpox virus,no rank|superkingdom|clade|kingdom|phylum|class|order|family|subfamily|genus|species,5.222669323,0,0,0,0,0,0,45.86827965,0,8.984178861,0
k141_491870,544,YP_003457389.1,YP_003457389.1 early transcription factor [Pseudocowpox virus],99.4,181,5.25E-115,Viruses,Pseudocowpox virus,129726,Pseudocowpox virus,root|Viruses|Varidnaviria|Bamfordvirae|Nucleocytoviricota|Pokkesviricetes|Chitovirales|Poxviridae|Chordopoxvirinae|Parapoxvirus|Pseudocowpox virus,no rank|superkingdom|clade|kingdom|phylum|class|order|family|subfamily|genus|species,0,0,0,0,0,0,0,2.330489959,0,0,0
k141_496354,2980,ADC53770.1,ADC53770.1 IL-10 [Pseudocowpox virus],87.9,199,9.28E-105,Viruses,Pseudocowpox virus,129726,Pseudocowpox virus,root|Viruses|Varidnaviria|Bamfordvirae|Nucleocytoviricota|Pokkesviricetes|Chitovirales|Poxviridae|Chordopoxvirinae|Parapoxvirus|Pseudocowpox virus,no rank|superkingdom|clade|kingdom|phylum|class|order|family|subfamily|genus|species,3.481779548,0,0,0,0,0,0,28.91926176,0,0,0
k141_500035,582,YP_003457358.1,YP_003457358.1 poly(A)-polymerase subunit [Pseudocowpox virus],100,193,8.15E-135,Viruses,Pseudocowpox virus,129726,Pseudocowpox virus,root|Viruses|Varidnaviria|Bamfordvirae|Nucleocytoviricota|Pokkesviricetes|Chitovirales|Poxviridae|Chordopoxvirinae|Parapoxvirus|Pseudocowpox virus,no rank|superkingdom|clade|kingdom|phylum|class|order|family|subfamily|genus|species,0,0,0,0,0,0,0,1.694901788,0,0,0
k141_514837,365,ADC53888.1,ADC53888.1 hypothetical protein [Pseudocowpox virus],95.3,107,1.23E-69,Viruses,Pseudocowpox virus,129726,Pseudocowpox virus,root|Viruses|Varidnaviria|Bamfordvirae|Nucleocytoviricota|Pokkesviricetes|Chitovirales|Poxviridae|Chordopoxvirinae|Parapoxvirus|Pseudocowpox virus,no rank|superkingdom|clade|kingdom|phylum|class|order|family|subfamily|genus|species,1.088056109,0,0,0,0,0,0,1.059313618,0,0,0
k141_52720,363,AFI43919.1,"AFI43919.1 major envelope protein, partial [Pseudocowpox virus]",99.2,120,2.12E-79,Viruses,Pseudocowpox virus,129726,Pseudocowpox virus,root|Viruses|Varidnaviria|Bamfordvirae|Nucleocytoviricota|Pokkesviricetes|Chitovirales|Poxviridae|Chordopoxvirinae|Parapoxvirus|Pseudocowpox virus,no rank|superkingdom|clade|kingdom|phylum|class|order|family|subfamily|genus|species,1.19686172,0,0,0,0,0,0,0.423725447,0,0,0
k141_545313,1737,ADC53883.1,ADC53883.1 hypothetical protein [Pseudocowpox virus],99.4,179,4.04E-120,Viruses,Pseudocowpox virus,129726,Pseudocowpox virus,root|Viruses|Varidnaviria|Bamfordvirae|Nucleocytoviricota|Pokkesviricetes|Chitovirales|Poxviridae|Chordopoxvirinae|Parapoxvirus|Pseudocowpox virus,no rank|superkingdom|clade|kingdom|phylum|class|order|family|subfamily|genus|species,5.549086155,0,0,0,0,0,1.483167128,59.53342532,0,0,0
k141_567442,302,YP_003457329.1,YP_003457329.1 hypothetical protein PCPV_gp026 [Pseudocowpox virus],89.8,98,4.07E-47,Viruses,Pseudocowpox virus,129726,Pseudocowpox virus,root|Viruses|Varidnaviria|Bamfordvirae|Nucleocytoviricota|Pokkesviricetes|Chitovirales|Poxviridae|Chordopoxvirinae|Parapoxvirus|Pseudocowpox virus,no rank|superkingdom|clade|kingdom|phylum|class|order|family|subfamily|genus|species,1.19686172,0,0,0,0,0,0,0.529656809,0,0,0
k141_570132,2562,ADC53859.1,ADC53859.1 virion core protein [Pseudocowpox virus],90.1,262,5.01E-95,Viruses,Pseudocowpox virus,129726,Pseudocowpox virus,root|Viruses|Varidnaviria|Bamfordvirae|Nucleocytoviricota|Pokkesviricetes|Chitovirales|Poxviridae|Chordopoxvirinae|Parapoxvirus|Pseudocowpox virus,no rank|superkingdom|clade|kingdom|phylum|class|order|family|subfamily|genus|species,0,0,0,0,0,0,2.521384118,30.72009491,0,0,0
k141_583780,975,ADC53778.1,ADC53778.1 hypothetical protein [Pseudocowpox virus],95.8,313,1.12E-213,Viruses,Pseudocowpox virus,129726,Pseudocowpox virus,root|Viruses|Varidnaviria|Bamfordvirae|Nucleocytoviricota|Pokkesviricetes|Chitovirales|Poxviridae|Chordopoxvirinae|Parapoxvirus|Pseudocowpox virus,no rank|superkingdom|clade|kingdom|phylum|class|order|family|subfamily|genus|species,0,0,0,0,0,0,0,5.667327855,0,0,0
k141_588250,476,YP_003457379.1,YP_003457379.1 hypothetical protein PCPV_gp076 [Pseudocowpox virus],81.9,72,5.30E-31,Viruses,Pseudocowpox virus,129726,Pseudocowpox virus,root|Viruses|Varidnaviria|Bamfordvirae|Nucleocytoviricota|Pokkesviricetes|Chitovirales|Poxviridae|Chordopoxvirinae|Parapoxvirus|Pseudocowpox virus,no rank|superkingdom|clade|kingdom|phylum|class|order|family|subfamily|genus|species,0,0,0,0,0,0,0,1.059313618,0,0,0
k141_71208,504,YP_003457381.1,YP_003457381.1 rifampicin resistance protein [Pseudocowpox virus],100,167,4.87E-109,Viruses,Pseudocowpox virus,129726,Pseudocowpox virus,root|Viruses|Varidnaviria|Bamfordvirae|Nucleocytoviricota|Pokkesviricetes|Chitovirales|Poxviridae|Chordopoxvirinae|Parapoxvirus|Pseudocowpox virus,no rank|superkingdom|clade|kingdom|phylum|class|order|family|subfamily|genus|species,0,0,0,0,0,0,0,3.760563343,0,0,0
k141_73759,307,YP_003457366.1,YP_003457366.1 late transcription factor VLTF4 [Pseudocowpox virus],97.8,90,1.48E-48,Viruses,Pseudocowpox virus,129726,Pseudocowpox virus,root|Viruses|Varidnaviria|Bamfordvirae|Nucleocytoviricota|Pokkesviricetes|Chitovirales|Poxviridae|Chordopoxvirinae|Parapoxvirus|Pseudocowpox virus,no rank|superkingdom|clade|kingdom|phylum|class|order|family|subfamily|genus|species,0,0,0,0,0,0,0,2.224558597,0,0,0
k141_80303,334,ADC53826.1,ADC53826.1 RNA-polymerase subunit RPO147 [Pseudocowpox virus],99.1,111,1.83E-64,Viruses,Pseudocowpox virus,129726,Pseudocowpox virus,root|Viruses|Varidnaviria|Bamfordvirae|Nucleocytoviricota|Pokkesviricetes|Chitovirales|Poxviridae|Chordopoxvirinae|Parapoxvirus|Pseudocowpox virus,no rank|superkingdom|clade|kingdom|phylum|class|order|family|subfamily|genus|species,0,0,0,0,0,0,0,0.741519532,0,0,0
k141_91060,333,YP_003457333.1,YP_003457333.1 hypothetical protein PCPV_gp030 [Pseudocowpox virus],100,106,6.91E-64,Viruses,Pseudocowpox virus,129726,Pseudocowpox virus,root|Viruses|Varidnaviria|Bamfordvirae|Nucleocytoviricota|Pokkesviricetes|Chitovirales|Poxviridae|Chordopoxvirinae|Parapoxvirus|Pseudocowpox virus,no rank|superkingdom|clade|kingdom|phylum|class|order|family|subfamily|genus|species,0,0,0,0,0,0,0,1.059313618,0,0,0
k141_93569,336,ADC53850.1,ADC53850.1 virion core protein P4b precursor [Pseudocowpox virus],99.1,111,1.26E-65,Viruses,Pseudocowpox virus,129726,Pseudocowpox virus,root|Viruses|Varidnaviria|Bamfordvirae|Nucleocytoviricota|Pokkesviricetes|Chitovirales|Poxviridae|Chordopoxvirinae|Parapoxvirus|Pseudocowpox virus,no rank|superkingdom|clade|kingdom|phylum|class|order|family|subfamily|genus|species,0,0,0,0,0,0,1.03821699,0.953382256,0,0,0
k141_95318,638,YP_003457401.1,YP_003457401.1 DNA helicase [Pseudocowpox virus],99.5,211,2.96E-139,Viruses,Pseudocowpox virus,129726,Pseudocowpox virus,root|Viruses|Varidnaviria|Bamfordvirae|Nucleocytoviricota|Pokkesviricetes|Chitovirales|Poxviridae|Chordopoxvirinae|Parapoxvirus|Pseudocowpox virus,no rank|superkingdom|clade|kingdom|phylum|class|order|family|subfamily|genus|species,0,0,0,0,0,0,0,2.330489959,0,0,0
